timesteps,wall_s,reward_per_step,positive_rate,flag_rate,precision,recall,fpr
2048,0.9,-0.9013671875,0.1015625,0.50048828125,0.10048780487804879,0.4951923076923077,0.5010869565217392
4096,8.4,-0.95849609375,0.06396484375,0.5087890625,0.060460652591170824,0.48091603053435117,0.5106937923839332
6144,15.8,-0.8125,0.0908203125,0.45556640625,0.10396570203644159,0.521505376344086,0.4489795918367347
8192,23.3,-0.7861328125,0.146484375,0.43505859375,0.1324354657687991,0.3933333333333333,0.44221967963386727
10240,30.7,-0.61962890625,0.08349609375,0.34130859375,0.1072961373390558,0.43859649122807015,0.3324453915823122
12288,37.6,-0.39990234375,0.10791015625,0.21435546875,0.15945330296127563,0.3167420814479638,0.2019704433497537
14336,45.0,-0.228515625,0.0849609375,0.12646484375,0.21621621621621623,0.3218390804597701,0.10832443970117396
16384,52.3,-0.13671875,0.046875,0.0732421875,0.19333333333333333,0.3020833333333333,0.061987704918032786
18432,59.9,-0.12255859375,0.02587890625,0.05322265625,0.045871559633027525,0.09433962264150944,0.05213032581453634
20480,67.5,-0.15087890625,0.22705078125,0.0546875,0.8482142857142857,0.20430107526881722,0.010739102969046115
22528,76.6,-0.1259765625,0.16796875,0.06396484375,0.6641221374045801,0.25290697674418605,0.025821596244131457
24576,86.6,-0.03271484375,0.08544921875,0.0478515625,0.7755102040816326,0.4342857142857143,0.011745862253069941
26624,97.9,-0.09765625,0.1787109375,0.06201171875,0.8267716535433071,0.28688524590163933,0.013079667063020214
28672,109.4,-0.04541015625,0.10302734375,0.03369140625,0.927536231884058,0.3033175355450237,0.0027218290691344584
30720,121.4,-0.080078125,0.1103515625,0.02294921875,0.8297872340425532,0.17256637168141592,0.0043907793633369925
32768,133.4,-0.06982421875,0.20849609375,0.080078125,0.9329268292682927,0.3583138173302108,0.006785934608266502
34816,145.7,-0.08984375,0.2099609375,0.06884765625,0.9361702127659575,0.30697674418604654,0.005562422744128554
36864,158.0,-0.0771484375,0.3671875,0.16259765625,0.9459459459459459,0.41888297872340424,0.013888888888888888
38912,170.7,-0.05517578125,0.19189453125,0.0771484375,0.9430379746835443,0.3791348600508906,0.005438066465256798
40960,183.0,-0.03515625,0.0947265625,0.05419921875,0.7747747747747747,0.44329896907216493,0.01348435814455232
43008,195.7,0.02001953125,0.12060546875,0.083984375,0.9186046511627907,0.6396761133603239,0.007773459189339256
45056,207.8,-0.09375,0.2412109375,0.10205078125,0.861244019138756,0.3643724696356275,0.01866151866151866
47104,220.6,-0.11181640625,0.11376953125,0.0029296875,0.6666666666666666,0.017167381974248927,0.0011019283746556473
49152,232.3,-0.01953125,0.1396484375,0.07177734375,0.9183673469387755,0.47202797202797203,0.00681044267877412
51200,245.4,-0.0224609375,0.0068359375,0.0078125,0.0,0.0,0.007866273352999017
53248,258.6,-0.05029296875,0.10498046875,0.0400390625,0.8414634146341463,0.3209302325581395,0.0070921985815602835
55296,271.3,-0.005859375,0.138671875,0.0869140625,0.8820224719101124,0.5528169014084507,0.011904761904761904
57344,284.9,0.01171875,0.22265625,0.1416015625,0.9137931034482759,0.581140350877193,0.015703517587939697
59392,298.1,-0.03955078125,0.15283203125,0.076171875,0.8717948717948718,0.43450479233226835,0.011527377521613832
61440,313.9,-0.0263671875,0.0703125,0.04833984375,0.7272727272727273,0.5,0.014180672268907563
63488,326.6,-0.029296875,0.14453125,0.0712890625,0.9041095890410958,0.44594594594594594,0.007990867579908675
65536,339.5,-0.103515625,0.4609375,0.189453125,0.9716494845360825,0.399364406779661,0.009963768115942028
67584,349.9,0.0009765625,0.1328125,0.07275390625,0.959731543624161,0.5257352941176471,0.0033783783783783786
69632,362.4,0.02734375,0.27734375,0.169921875,0.9482758620689655,0.5809859154929577,0.012162162162162163
71680,373.4,-0.0224609375,0.048828125,0.01611328125,0.9090909090909091,0.3,0.001540041067761807
73728,384.1,-0.001953125,0.0478515625,0.02978515625,0.8852459016393442,0.5510204081632653,0.0035897435897435897
75776,396.9,-0.0302734375,0.0498046875,0.033203125,0.6470588235294118,0.43137254901960786,0.012332990750256937
77824,408.2,0.0068359375,0.1318359375,0.0869140625,0.898876404494382,0.5925925925925926,0.010123734533183352
79872,419.3,-0.04833984375,0.03759765625,0.00537109375,0.0,0.0,0.005580923389142567
81920,429.7,-0.033203125,0.1181640625,0.04345703125,0.9887640449438202,0.36363636363636365,0.0005537098560354374
83968,440.5,0.04248046875,0.18212890625,0.142578125,0.8938356164383562,0.6997319034852547,0.018507462686567163
86016,451.0,0.02587890625,0.05322265625,0.04443359375,0.945054945054945,0.7889908256880734,0.0025786487880350697
88064,461.7,-0.029296875,0.0224609375,0.00341796875,0.0,0.0,0.0034965034965034965
90112,472.8,0.0087890625,0.1845703125,0.107421875,0.95,0.5529100529100529,0.006586826347305389
92160,483.3,-0.0146484375,0.087890625,0.05029296875,0.8640776699029126,0.49444444444444446,0.007494646680942184
94208,494.7,-0.005859375,0.1484375,0.087890625,0.9055555555555556,0.5361842105263158,0.00974770642201835
96256,505.5,-0.017578125,0.1064453125,0.05517578125,0.9026548672566371,0.46788990825688076,0.006010928961748634
98304,516.5,0.01611328125,0.03955078125,0.02880859375,0.9830508474576272,0.7160493827160493,0.0005083884087442806
100352,527.2,0.0283203125,0.3642578125,0.21484375,0.9568181818181818,0.564343163538874,0.014592933947772658
102400,538.6,0.02099609375,0.03564453125,0.029296875,0.9833333333333333,0.8082191780821918,0.0005063291139240507
104448,550.1,-0.04345703125,0.20556640625,0.111328125,0.8640350877192983,0.4679334916864608,0.019053472649047325
106496,560.0,-0.03759765625,0.09912109375,0.04248046875,0.8620689655172413,0.3694581280788177,0.0065040650406504065
108544,568.6,-0.0283203125,0.0673828125,0.037109375,0.7631578947368421,0.42028985507246375,0.009424083769633508
110592,576.7,-0.04052734375,0.22802734375,0.1083984375,0.9324324324324325,0.44325481798715205,0.009487666034155597
112640,585.3,-0.10302734375,0.20263671875,0.0634765625,0.8923076923076924,0.27951807228915665,0.008573178199632579
114688,592.8,-0.0478515625,0.07421875,0.01513671875,0.9354838709677419,0.19078947368421054,0.0010548523206751054
116736,601.8,-0.01953125,0.0869140625,0.04345703125,0.8876404494382022,0.4438202247191011,0.0053475935828877
118784,609.8,-0.03076171875,0.25732421875,0.1181640625,0.9793388429752066,0.4497153700189753,0.003287310979618672
120832,618.0,0.0458984375,0.244140625,0.15966796875,0.9541284403669725,0.624,0.009689922480620155
122880,626.1,0.06201171875,0.23095703125,0.1572265625,0.9658385093167702,0.6575052854122622,0.006984126984126984
124928,634.2,-0.03173828125,0.21826171875,0.09814453125,0.9751243781094527,0.43847874720357943,0.003123048094940662
126976,642.6,0.04296875,0.1357421875,0.09228515625,0.9841269841269841,0.6690647482014388,0.001694915254237288
129024,650.7,-0.03271484375,0.29150390625,0.13916015625,0.9649122807017544,0.46063651591289784,0.006891798759476223
131072,659.0,0.037109375,0.0751953125,0.06298828125,0.9457364341085271,0.7922077922077922,0.003695881731784583
133120,667.2,0.03076171875,0.05224609375,0.04931640625,0.9207920792079208,0.8691588785046729,0.004121586810922205
135168,675.9,0.0634765625,0.1552734375,0.130859375,0.917910447761194,0.7735849056603774,0.012716763005780347
137216,684.4,-0.04833984375,0.12158203125,0.04736328125,0.8865979381443299,0.3453815261044177,0.006114508060033352
139264,693.4,-0.00146484375,0.06005859375,0.044921875,0.8260869565217391,0.6178861788617886,0.008311688311688312
141312,702.8,-0.01220703125,0.08935546875,0.03955078125,0.9876543209876543,0.4371584699453552,0.0005361930294906167
143360,711.6,-0.01806640625,0.09716796875,0.04150390625,0.9764705882352941,0.41708542713567837,0.001081665765278529
145408,722.4,-0.0654296875,0.12890625,0.03466796875,0.9577464788732394,0.25757575757575757,0.0016816143497757848
147456,739.8,-0.0087890625,0.1171875,0.05517578125,0.9911504424778761,0.4666666666666667,0.0005530973451327434
149504,758.5,-0.01318359375,0.16357421875,0.076171875,0.9935897435897436,0.4626865671641791,0.0005837711617046118
151552,776.1,-0.03271484375,0.06201171875,0.0146484375,1.0,0.23622047244094488,0.0
153600,794.9,-0.0234375,0.064453125,0.0205078125,1.0,0.3181818181818182,0.0
155648,813.2,-0.00439453125,0.19189453125,0.0947265625,0.9948453608247423,0.4910941475826972,0.0006042296072507553
157696,831.8,-0.00048828125,0.20263671875,0.10498046875,0.9813953488372092,0.5084337349397591,0.002449479485609308
159744,850.3,-0.01220703125,0.06396484375,0.02880859375,0.9491525423728814,0.42748091603053434,0.001564945226917058
161792,868.7,-0.0439453125,0.2705078125,0.1162109375,0.9873949579831933,0.42418772563176893,0.002008032128514056
163840,887.4,-0.02001953125,0.17724609375,0.08056640625,0.9878787878787879,0.4490358126721763,0.0011869436201780415
165888,904.6,-0.02783203125,0.10595703125,0.041015625,0.9761904761904762,0.3778801843317972,0.0010922992900054614
167936,923.3,-0.0166015625,0.353515625,0.17138671875,0.9914529914529915,0.48066298342541436,0.0022658610271903325
169984,941.1,0.0224609375,0.09765625,0.06396484375,0.9694656488549618,0.635,0.0021645021645021645
172032,959.7,-0.0849609375,0.1142578125,0.0166015625,0.9411764705882353,0.13675213675213677,0.0011025358324145535
174080,981.0,-0.0029296875,0.07421875,0.03857421875,0.9620253164556962,0.5,0.0015822784810126582
176128,1002.6,-0.0224609375,0.1123046875,0.0458984375,0.9893617021276596,0.4043478260869565,0.00055005500550055
178176,1024.9,0.01171875,0.1337890625,0.07568359375,0.9806451612903225,0.5547445255474452,0.0016910935738444193
180224,1044.8,-0.03662109375,0.05615234375,0.0126953125,0.8846153846153846,0.2,0.0015519917227108122
182272,1067.1,-0.02587890625,0.30615234375,0.14306640625,0.9897610921501706,0.4625199362041467,0.00211118930330753
184320,1088.4,-0.0185546875,0.0615234375,0.0244140625,0.94,0.373015873015873,0.0015608740894901144
186368,1111.2,0.0029296875,0.0546875,0.02978515625,0.9836065573770492,0.5357142857142857,0.0005165289256198347
188416,1133.3,0.0048828125,0.142578125,0.07470703125,0.9934640522875817,0.5205479452054794,0.0005694760820045558
190464,1155.5,0.0205078125,0.1328125,0.07861328125,0.9875776397515528,0.5845588235294118,0.0011261261261261261
192512,1178.0,-0.01025390625,0.20263671875,0.09912109375,0.9852216748768473,0.4819277108433735,0.001837109614206981
194560,1200.2,-0.01123046875,0.22216796875,0.1103515625,0.9778761061946902,0.4857142857142857,0.003138731952291274
196608,1223.5,-0.01416015625,0.01416015625,0.0,nan,0.0,0.0
198656,1245.8,-0.01513671875,0.00830078125,0.00341796875,0.0,0.0,0.0034465780403741997
200704,1269.1,0.04296875,0.1123046875,0.07763671875,1.0,0.691304347826087,0.0
202752,1292.3,-0.01416015625,0.14404296875,0.06591796875,0.9925925925925926,0.4542372881355932,0.0005704506560182544
204800,1315.3,-0.00732421875,0.05810546875,0.0263671875,0.9814814814814815,0.44537815126050423,0.0005184033177812338
206848,1338.2,0.001953125,0.1181640625,0.06396484375,0.9694656488549618,0.5247933884297521,0.0022148394241417496
208896,1360.8,0.00146484375,0.26513671875,0.14208984375,0.9690721649484536,0.5193370165745856,0.005980066445182724
210944,1383.8,0.02001953125,0.11083984375,0.078125,0.91875,0.6475770925110133,0.007138934651290499
212992,1405.2,0.06591796875,0.13916015625,0.1201171875,0.926829268292683,0.8,0.01020986954055587
215040,1428.1,0.02880859375,0.14697265625,0.0986328125,0.9455445544554455,0.6345514950166113,0.006296508299942759
217088,1449.3,0.0048828125,0.0390625,0.02587890625,0.9245283018867925,0.6125,0.0020325203252032522
219136,1472.3,-0.00537109375,0.11669921875,0.0849609375,0.8275862068965517,0.602510460251046,0.01658374792703151
221184,1493.7,-0.044921875,0.216796875,0.09375,0.9583333333333334,0.4144144144144144,0.004987531172069825
223232,1516.6,-0.03369140625,0.18115234375,0.08154296875,0.9520958083832335,0.42857142857142855,0.004770423375074538
225280,1539.7,-0.052734375,0.1015625,0.0244140625,1.0,0.2403846153846154,0.0
227328,1561.9,0.0068359375,0.2900390625,0.1533203125,0.9840764331210191,0.5202020202020202,0.0034387895460797797
229376,1585.0,0.0009765625,0.0517578125,0.03125,0.921875,0.5566037735849056,0.0025746652935118436
231424,1606.7,0.0634765625,0.1845703125,0.126953125,0.9884615384615385,0.6798941798941799,0.0017964071856287425
233472,1629.6,0.03662109375,0.12158203125,0.0947265625,0.9175257731958762,0.714859437751004,0.008893829905503057
235520,1651.6,0.0009765625,0.1533203125,0.0986328125,0.8910891089108911,0.5732484076433121,0.012687427912341407
237568,1674.4,-0.03759765625,0.01416015625,0.01171875,0.0,0.0,0.01188707280832095
239616,1696.7,-0.01220703125,0.00830078125,0.001953125,0.0,0.0,0.0019694731659281144
241664,1719.3,-0.0595703125,0.2236328125,0.0869140625,0.9719101123595506,0.3777292576419214,0.0031446540880503146
243712,1742.2,-0.01171875,0.08984375,0.0400390625,0.9878048780487805,0.44021739130434784,0.000536480686695279
245760,1765.1,-0.01708984375,0.09130859375,0.0390625,0.975,0.41711229946524064,0.0010746910263299302
247808,1788.3,-0.01025390625,0.09423828125,0.0419921875,1.0,0.44559585492227977,0.0
249856,1809.4,-0.0517578125,0.0517578125,0.0,nan,0.0,0.0
251904,1832.4,0.001953125,0.138671875,0.072265625,0.9864864864864865,0.5140845070422535,0.0011337868480725624
253952,1853.4,-0.03955078125,0.11181640625,0.0390625,0.9625,0.33624454148471616,0.0016492578339747114
256000,1876.7,-0.02490234375,0.13037109375,0.052734375,1.0,0.4044943820224719,0.0
258048,1899.2,0.02734375,0.1513671875,0.09521484375,0.9692307692307692,0.6096774193548387,0.0034522439585730723
260096,1921.8,0.033203125,0.462890625,0.2548828125,0.9865900383141762,0.5432489451476793,0.006363636363636364
262144,1944.8,0.00634765625,0.05419921875,0.0302734375,1.0,0.5585585585585585,0.0
264192,1967.3,-0.09033203125,0.19775390625,0.0546875,0.9910714285714286,0.2740740740740741,0.0006086427267194157
266240,1990.0,-0.0322265625,0.1669921875,0.072265625,0.9662162162162162,0.41812865497076024,0.0029308323563892145
268288,2013.1,0.00048828125,0.26318359375,0.1376953125,0.9787234042553191,0.5120593692022264,0.003976143141153081
270336,2036.0,0.005859375,0.15625,0.08203125,0.9940476190476191,0.521875,0.0005787037037037037
272384,2058.2,-0.04248046875,0.10205078125,0.03076171875,0.9841269841269841,0.2966507177033493,0.000543773790103317
274432,2081.1,0.013671875,0.2275390625,0.12255859375,0.9920318725099602,0.5343347639484979,0.0012642225031605564
276480,2104.1,0.03466796875,0.13525390625,0.0859375,0.9943181818181818,0.631768953068592,0.000564652738565782
278528,2126.4,-0.03173828125,0.03076171875,0.00048828125,0.0,0.0,0.0005037783375314861
280576,2149.6,-0.029296875,0.0126953125,0.00830078125,0.0,0.0,0.008407517309594461
282624,2172.3,-0.02294921875,0.18896484375,0.0849609375,0.9885057471264368,0.4444444444444444,0.0012040939193257074
284672,2195.3,-0.01025390625,0.18212890625,0.0859375,1.0,0.4718498659517426,0.0
286720,2218.0,-0.029296875,0.1416015625,0.05712890625,0.9914529914529915,0.4,0.0005688282138794084
288768,2240.5,0.041015625,0.1904296875,0.11669921875,0.99581589958159,0.6102564102564103,0.0006031363088057901
290816,2262.7,0.05908203125,0.16259765625,0.11572265625,0.9789029535864979,0.6966966966966966,0.0029154518950437317
292864,2285.6,-0.03369140625,0.16748046875,0.06884765625,0.9858156028368794,0.40524781341107874,0.0011730205278592375
294912,2308.5,0.06640625,0.1064453125,0.08935546875,0.9836065573770492,0.8256880733944955,0.001639344262295082
296960,2330.7,0.078125,0.1962890625,0.14599609375,0.9698996655518395,0.7213930348258707,0.0054678007290400975
299008,2353.7,-0.0234375,0.0234375,0.0,nan,0.0,0.0
301056,2374.6,-0.044921875,0.2109375,0.0830078125,1.0,0.39351851851851855,0.0
303104,2397.4,-0.01708984375,0.06689453125,0.02587890625,0.9811320754716981,0.3795620437956204,0.0005232862375719519
305152,2419.1,-0.02001953125,0.10400390625,0.04296875,0.9886363636363636,0.4084507042253521,0.0005449591280653951
307200,2442.1,-0.0380859375,0.0283203125,0.0048828125,0.0,0.0,0.005025125628140704
309248,2464.6,-0.001953125,0.2744140625,0.13720703125,0.99644128113879,0.498220640569395,0.0006729475100942127
311296,2487.2,-0.0517578125,0.0859375,0.01708984375,1.0,0.19886363636363635,0.0
313344,2510.3,-0.01708984375,0.14111328125,0.06298828125,0.9922480620155039,0.4429065743944637,0.0005685048322910744
315392,2531.8,0.01611328125,0.18115234375,0.099609375,0.9950980392156863,0.5471698113207547,0.0005963029218843172
317440,2554.7,0.01123046875,0.04443359375,0.02880859375,0.9830508474576272,0.6373626373626373,0.000510986203372509
319488,2575.8,-0.04052734375,0.04052734375,0.0,nan,0.0,0.0
321536,2598.7,0.0283203125,0.0380859375,0.03515625,0.9722222222222222,0.8974358974358975,0.0010152284263959391
323584,2621.2,-0.01318359375,0.13623046875,0.0634765625,0.9846153846153847,0.45878136200716846,0.0011305822498586771
325632,2644.2,-0.015625,0.26953125,0.1279296875,0.9961832061068703,0.47282608695652173,0.0006684491978609625
327680,2666.9,-0.0498046875,0.0498046875,0.0,nan,0.0,0.0
329728,2689.0,-0.013671875,0.076171875,0.033203125,0.9705882352941176,0.4230769230769231,0.0010570824524312897
331776,2712.1,0.015625,0.0322265625,0.02392578125,1.0,0.7424242424242424,0.0
333824,2733.4,0.013671875,0.0703125,0.0419921875,1.0,0.5972222222222222,0.0
335872,2756.3,-0.0224609375,0.1630859375,0.072265625,0.9864864864864865,0.437125748502994,0.0011668611435239206
337920,2777.5,0.021484375,0.1845703125,0.10693359375,0.9817351598173516,0.5687830687830688,0.0023952095808383233
339968,2800.4,0.0234375,0.15625,0.08984375,1.0,0.575,0.0
342016,2822.7,-0.00146484375,0.22802734375,0.119140625,0.9754098360655737,0.5096359743040685,0.003795066413662239
344064,2845.7,-0.01025390625,0.10009765625,0.0458984375,0.9893617021276596,0.45365853658536587,0.0005425935973955507
346112,2868.5,-0.0048828125,0.1240234375,0.0595703125,1.0,0.48031496062992124,0.0
348160,2890.6,0.03173828125,0.07568359375,0.056640625,0.9741379310344828,0.7290322580645161,0.001584786053882726
350208,2913.4,-0.017578125,0.1826171875,0.08447265625,0.9884393063583815,0.4572192513368984,0.0011947431302270011
352256,2934.8,-0.0048828125,0.18359375,0.09130859375,0.9893048128342246,0.4920212765957447,0.0011961722488038277
354304,2957.8,0.0146484375,0.185546875,0.10791015625,0.9638009049773756,0.5605263157894737,0.004796163069544364
356352,2979.8,-0.03076171875,0.03662109375,0.0048828125,0.8,0.10666666666666667,0.0010136847440446021
358400,3002.3,-0.0068359375,0.087890625,0.04150390625,0.9882352941176471,0.4666666666666667,0.0005353319057815846
360448,3024.9,0.0107421875,0.333984375,0.17724609375,0.9862258953168044,0.5233918128654971,0.0036656891495601175
362496,3047.5,-0.02001953125,0.27001953125,0.126953125,0.9923076923076923,0.4665461121157324,0.0013377926421404682
364544,3070.5,0.06396484375,0.15478515625,0.1103515625,0.995575221238938,0.7097791798107256,0.0005777007510109763
366592,3092.4,-0.00048828125,0.13037109375,0.06689453125,0.9854014598540146,0.5056179775280899,0.0011229646266142617
368640,3115.1,-0.01220703125,0.07177734375,0.03076171875,0.9841269841269841,0.4217687074829932,0.0005260389268805891
370688,3137.7,0.06298828125,0.09326171875,0.0810546875,0.9819277108433735,0.8534031413612565,0.0016155088852988692
372736,3160.5,0.0556640625,0.158203125,0.11376953125,0.9699570815450643,0.6975308641975309,0.004060324825986079
374784,3182.8,-0.01025390625,0.09326171875,0.04150390625,1.0,0.44502617801047123,0.0
376832,3205.5,0.0546875,0.2451171875,0.16357421875,0.9582089552238806,0.6394422310756972,0.009055627425614488
378880,3227.7,0.03515625,0.14453125,0.08984375,1.0,0.6216216216216216,0.0
380928,3239.5,0.05029296875,0.23388671875,0.15087890625,0.970873786407767,0.6263048016701461,0.0057361376673040155
382976,3256.0,-0.03955078125,0.09326171875,0.02783203125,0.9824561403508771,0.2931937172774869,0.0005385029617662897
385024,3271.4,-0.03955078125,0.06884765625,0.0146484375,1.0,0.2127659574468085,0.0
387072,3288.7,-0.00341796875,0.07568359375,0.0361328125,1.0,0.4774193548387097,0.0
389120,3298.0,-0.0390625,0.1416015625,0.05126953125,1.0,0.3620689655172414,0.0
391168,3304.8,0.0263671875,0.1513671875,0.08984375,0.9945652173913043,0.5903225806451613,0.0005753739930955121
393216,3311.2,-0.037109375,0.1650390625,0.06494140625,0.9924812030075187,0.3905325443786982,0.0005847953216374269
395264,3317.2,0.02783203125,0.08740234375,0.0595703125,0.9836065573770492,0.6703910614525139,0.001070090957731407
397312,3323.5,0.033203125,0.0634765625,0.06103515625,0.896,0.8615384615384616,0.006777893639207508
399360,3335.1,-0.080078125,0.02734375,0.076171875,0.3269230769230769,0.9107142857142857,0.05271084337349398
401408,3357.8,0.00830078125,0.19970703125,0.10498046875,0.9953488372093023,0.5232273838630807,0.0006101281269066504
